{"web":{"client_id":"908799020065-27mqhq8k47b359t16vfj0fkgecd9kbv9.apps.googleusercontent.com","project_id":"canvas-modem-335412","auth_uri":"https://accounts.google.com/o/oauth2/auth","token_uri":"https://oauth2.googleapis.com/token","auth_provider_x509_cert_url":"https://www.googleapis.com/oauth2/v1/certs","client_secret":"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","redirect_uris":["http://localhost/Disk/google-api-php-client-main/index.html","http://localhost/danialfoley/seo-stack/google-api-javascript-client-master/samples/requestWithBody.html","https://dev.approsoft.com/google-api-php-client-main/"],"javascript_origins":["http://localhost"]}}